[
  {
    "id": "31",
    "name": "DKI JAKARTA",
    "alt_name": "DKI JAKARTA",
    "latitude": 6.1745,
    "longitude": 106.8227
  },
  {
    "id": "32",
    "name": "JAWA BARAT",
    "alt_name": "JAWA BARAT",
    "latitude": -6.88917,
    "longitude": 107.64047
  },
  {
    "id": "33",
    "name": "JAWA TENGAH",
    "alt_name": "JAWA TENGAH",
    "latitude": -7.30324,
    "longitude": 110.00441
  },
  {
    "id": "34",
    "name": "DI YOGYAKARTA",
    "alt_name": "DI YOGYAKARTA",
    "latitude": 7.7956,
    "longitude": 110.3695
  },
  {
    "id": "35",
    "name": "JAWA TIMUR",
    "alt_name": "JAWA TIMUR",
    "latitude": -6.96851,
    "longitude": 113.98005
  },
  {
    "id": "36",
    "name": "BANTEN",
    "alt_name": "BANTEN",
    "latitude": -6.44538,
    "longitude": 106.13756
  },
  {
    "id": "51",
    "name": "BALI",
    "alt_name": "BALI",
    "latitude": -8.23566,
    "longitude": 115.12239
  }
]
